一级分类,二级分类,三级分类,原料SUK,原料名称,原料对应入库单位,,APP上线名称,修改APP线上名称,等级,修改等级,线上包装规格,修改包装规格,**斤/袋,,修改包装单位,售卖单位,,
蔬菜,茄果类,西葫芦,1001032,原料西葫芦,斤,,西葫芦/油,,,,10斤/袋,,10,,,按袋,,
蔬菜,茄果类,黄瓜,1001036,原料黄瓜（鲜花）,斤,,黄瓜（鲜花）,,,,10斤/袋,,10,,,按袋,,
蔬菜,茄果类,黄瓜,1001036,原料黄瓜（鲜花）,斤,,黄瓜（干花）,,,,10斤/袋,,10,,,按袋,,
蔬菜,茄果类,苦瓜,1001043,原料苦瓜,斤,,苦瓜,,,,10斤/袋,,10,,,按袋,,
蔬菜,茄果类,茄子,1001046,原料圆茄,斤,,圆茄,,,,10斤/袋,,10,,,按袋,,
蔬菜,茄果类,茄子,1001046,原料圆茄,斤,,长茄（黑）,,,,10斤/袋,,10,,,按袋,,
蔬菜,茄果类,西红柿,1001054,原料西红柿,斤,,西红柿,,,,10斤/袋,,10,,,按袋,,
蔬菜,茄果类,茄子,1001046,原料圆茄,斤,,广茄（紫长茄）,,,,10斤/袋,,10,,,按袋,,
蔬菜,茄果类,尖椒,1001672,原料尖椒（青，优质）,斤,,尖椒（青，优质）,,,,10斤/袋,,10,,,按袋,,
蔬菜,茄果类,尖椒,1001672,原料尖椒（青，优质）,斤,,尖椒（红）,,,,10斤/袋,,10,,,按袋,,
蔬菜,茄果类,凉瓜,1001674,原料凉瓜,斤,,凉瓜,,,,10斤/袋,,10,,,按袋,,
蔬菜,茄果类,丝瓜,1001675,原料丝瓜,斤,,丝瓜,,,,10斤/袋,,10,,,按袋,,
蔬菜,茄果类,青椒,1001676,原料青椒,斤,,青椒,,,,10斤/袋,,10,,,按袋,,
蔬菜,茄果类,彩椒,1001677,原料彩椒（黄）,斤,,彩椒（黄）,,,,3斤/袋,,3,,,按袋,,
蔬菜,茄果类,彩椒,1001678,原料彩椒（红）,斤,,彩椒（红）,,,,3斤/袋,,3,,,按袋,,
蔬菜,茄果类,美人椒,1001679,原料美人椒（青）,斤,,美人椒（青）,,,,3斤/袋,,3,,,按袋,,
蔬菜,茄果类,美人椒,1001680,原料美人椒（红）,斤,,美人椒（红）,,,,3斤/袋,,3,,,按袋,,
蔬菜,茄果类,线椒,1001681,原料线椒,斤,,线椒,,,,3斤/袋,,3,,,按袋,,
蔬菜,茄果类,小米椒,1001682,原料小米椒（红）,斤,,小米椒（红）,,,,3斤/袋,,3,,,按袋,,
蔬菜,茄果类,小米椒,1001683,原料小米椒（青）,斤,,小米椒（青）,,,,3斤/袋,,3,,,按袋,,
蔬菜,茄果类,杭椒,1001684,原料杭椒,斤,,杭椒,,,,3斤/袋,,3,,,按袋,,
蔬菜,茄果类,螺丝椒,1001685,原料螺丝椒,斤,,螺丝椒,,,,3斤/袋,,3,,,按袋,,
蔬菜,茄果类,南瓜,1001686,原料金丝南瓜,斤,,金丝南瓜,,,,10斤/袋,,10,,,按袋,,
蔬菜,葱姜蒜,洋葱,1001040,原料红皮葱头,斤,,红皮葱头,,,,10斤/袋,,10,,,按袋,,
蔬菜,葱姜蒜,洋葱,1001040,原料红皮葱头,斤,,黄皮葱头,,,,10斤/袋,,10,,,按袋,,
蔬菜,葱姜蒜,大蒜,1001045,原料大蒜,斤,,大蒜,,,,10斤/袋,,10,,,按袋,,
蔬菜,葱姜蒜,大蒜,1001047,原料蒜米（机器剥）,斤,,蒜米（机器剥）,,,,3斤/袋,,3,,,按袋,,
蔬菜,葱姜蒜,大蒜,1001049,原料蒜米（人工剥）,斤,,蒜米（人工剥）,,,,3斤/袋,,3,,,按袋,,
蔬菜,葱姜蒜,姜,1001051,原料姜（湿）,斤,,姜（湿）,,,,3斤/袋,,3,,,按袋,,
蔬菜,葱姜蒜,姜,1001053,原料姜（干）,斤,,姜（干）,,,,3斤/袋,,3,,,按袋,,
蔬菜,葱姜蒜,大葱,1001056,原料大葱,斤,,中葱,,,,10斤/袋,,10,,,按袋,,
蔬菜,葱姜蒜,大葱,1001056,原料大葱,斤,,大葱（去叶）,,,,10斤/袋,,10,,,按袋,,
蔬菜,葱姜蒜,姜,1001687,原料碎姜,斤,,碎姜,,,,3斤/袋,,3,,,按袋,,
蔬菜,根茎类,红薯,1001059,原料红薯,斤,,红薯,,0.5-1斤/个,,10斤/袋,,10,,,按袋,,
蔬菜,根茎类,胡萝卜,1001061,原料胡萝卜（泥）,斤,,胡萝卜（泥）,,不低于0.4斤/个,,10斤/袋,,10,,,按袋,,
蔬菜,根茎类,胡萝卜,1001062,原料胡萝卜（洗）,斤,,胡萝卜（洗）,,,,10斤/袋,,10,,,按袋,,
蔬菜,根茎类,心里美萝卜,1001063,原料心里美,斤,,心里美,,,,10斤/袋,,10,,,按袋,,
蔬菜,根茎类,白萝卜,1001064,原料白萝卜,斤,,白萝卜,,,,10斤/袋,,10,,,按袋,,
蔬菜,根茎类,青萝卜,1001031,原料青萝卜,斤,,青萝卜,,,,10斤/袋,,10,,,按袋,,
蔬菜,根茎类,土豆,1001033,原料黄心土豆（新）,斤,,黄心土豆（新）,,0.4-0.8斤/个,,10斤/袋,,10,,,按袋,,
蔬菜,根茎类,土豆,1001033,原料黄心土豆（新）,斤,,白心土豆（新）,,0.4-0.8斤/个,,10斤/袋,,10,,,按袋,,
蔬菜,根茎类,莴笋,1001400,原料莴笋,斤,,莴笋,,,,10斤/袋,,10,,,按袋,,
蔬菜,根茎类,蒜苔,1001401,原料蒜苔（优质）,斤,,蒜苔（优质）,,,,10斤/袋,,10,,,按袋,,
蔬菜,根茎类,蒜苔,1001401,原料蒜苔（优质）,斤,,蒜苔（普通）,,,,10斤/袋,,10,,,按袋,,
蔬菜,根茎类,豆芽,1001403,原料绿豆芽,斤,,绿豆芽,,,,10斤/袋,,10,,,按袋,,
蔬菜,根茎类,豆芽,1001403,原料绿豆芽,斤,,黄豆芽,,,,10斤/袋,,10,,,按袋,,
蔬菜,根茎类,萝卜,1001405,原料卞萝卜,斤,,卞萝卜,,,,10斤/袋,,10,,,按袋,,
蔬菜,根茎类,萝卜,1001405,原料卞萝卜,斤,,樱桃萝卜,,,,10斤/袋,,10,,,按袋,,
蔬菜,根茎类,藕,1001407,原料藕,斤,,藕,,,,10斤/袋,,10,,,按袋,,
蔬菜,根茎类,紫薯,1001409,原料紫薯,斤,,紫薯,,,,10斤/袋,,10,,,按袋,,
蔬菜,根茎类,山药,1001410,原料脆山药,斤,,脆山药,,,,10斤/袋,,10,,,按袋,,
蔬菜,根茎类,山药,1001410,原料脆山药,斤,,面山药,,,,10斤/袋,,10,,,按袋,,
蔬菜,根茎类,山药,1001410,原料脆山药,斤,,铁棍山药,,,,10斤/袋,,10,,,按袋,,
蔬菜,根茎类,山药,1001410,原料脆山药,斤,,淮山药,,,,10斤/袋,,10,,,按袋,,
蔬菜,根茎类,芦笋,1001414,原料芦笋,斤,,芦笋,,,,10斤/袋,,10,,,按袋,,
蔬菜,根茎类,玉米,1001415,原料玉米（甜）,斤,,玉米（甜）,,,,10斤/袋,,10,,,按袋,,
蔬菜,根茎类,玉米,1001415,原料玉米（甜）,斤,,玉米（黏）,,,,10斤/袋,,10,,,按袋,,
蔬菜,根茎类,花生,1001418,原料花生,斤,,花生,,,,10斤/袋,,10,,,按袋,,
蔬菜,根茎类,茭白,1001670,原料茭白,斤,,茭白,,,,10斤/袋,,10,,,按袋,,
蔬菜,豆类,豆王,1001448,原料豆王（优质）,斤,,豆王（优质）,,,,10斤/袋,,10,,,按袋,,
蔬菜,豆类,豇豆,1001450,原料豇豆（绿）,斤,,豇豆（绿）,,,,10斤/袋,,10,,,按袋,,
蔬菜,豆类,四季豆,1001452,原料四季豆,斤,,四季豆,,,,10斤/袋,,10,,,按袋,,
蔬菜,豆类,毛豆,1001453,原料毛豆,斤,,毛豆,,,,10斤/袋,,10,,,按袋,,
蔬菜,豆类,扁豆角,1001454,原料扁豆角,斤,,扁豆角,,,,10斤/袋,,10,,,按袋,,
蔬菜,豆类,荷兰豆,1001456,原料荷兰豆,斤,,荷兰豆,,,,10斤/袋,,10,,,按袋,,
蔬菜,豆类,油豆角,1001457,原料油豆角,斤,,油豆角,,,,10斤/袋,,10,,,按袋,,
蔬菜,豆类,豌豆,1001459,原料豌豆,斤,,豌豆,,,,10斤/袋,,10,,,按袋,,
蔬菜,菌类,香菇,1001460,原料香菇（优质）,斤,,香菇（优质）,,,,3斤/袋,,3,,,按袋,,
蔬菜,菌类,香菇,1001461,原料香菇（普通）,斤,,香菇（普通）,,,,3斤/袋,,3,,,按袋,,
蔬菜,菌类,平菇,1001463,原料平菇（优质）,斤,,平菇（优质）,,,,3斤/袋,,3,,,按袋,,
蔬菜,菌类,平菇,1001464,原料平菇（普通）,斤,,平菇(普通）,,,,3斤/袋,,3,,,按袋,,
蔬菜,菌类,木耳,1001465,原料木耳（鲜/大）,斤,,木耳（鲜/大）,,,,3斤/袋,,3,,,按袋,,
蔬菜,菌类,木耳,1001467,原料木耳（鲜/小）,斤,,木耳（鲜/小）,,,,3斤/袋,,3,,,按袋,,
蔬菜,菌类,花菇,1001468,原料花菇（鲜）,斤,,花菇（鲜）,,,,3斤/袋,,3,,,按袋,,
蔬菜,菌类,茶树菇,1001469,原料茶树菇（鲜）,斤,,茶树菇（鲜）,,,,3斤/袋,,3,,,按袋,,
蔬菜,菌类,草菇,1001470,原料草菇（鲜）,斤,,草菇（鲜）,,,,3斤/袋,,3,,,按袋,,
蔬菜,菌类,口蘑,1001471,原料口蘑,斤,,口蘑,,,,3斤/袋,,3,,,按袋,,
蔬菜,叶菜类,油菜,1001688,原料油菜（干）,斤,,油菜（干）,,,,10斤/袋,,10,,,按袋,,
蔬菜,叶菜类,大白菜,1001689,原料大白菜,斤,,大白菜,,,,10斤/袋,,10,,,按袋,,
蔬菜,叶菜类,圆生菜,1001691,原料圆生菜,斤,,圆生菜,,,,10斤/袋,,10,,,按袋,,
蔬菜,叶菜类,菠菜,1001692,原料菠菜（干）,斤,,菠菜（干）,,,,10斤/袋,,10,,,按袋,,
蔬菜,叶菜类,油麦菜,1001693,原料油麦菜（干）,斤,,优质油麦菜（干）,,,,10斤/袋,,10,,,按袋,,
蔬菜,叶菜类,韭菜,1001771,原料韭菜（优质）,斤,,韭菜（优质）,,,,10斤/袋,,10,,,按袋,,
蔬菜,叶菜类,芹菜,1001695,原料芹菜,斤,,芹菜,,,,10斤/袋,,10,,,按袋,,
蔬菜,叶菜类,香菜,1001696,原料香菜（优质）,斤,,香菜（优质）,,,,3斤/袋,,3,,,按袋,,
蔬菜,叶菜类,西兰花,1001697,原料西兰花,斤,,西兰花,,,,10斤/袋,,10,,,按袋,,
蔬菜,叶菜类,菜花,1001698,原料菜花（优质）,斤,,菜花（优质）,,,,10斤/袋,,10,,,按袋,,
蔬菜,叶菜类,甘蓝圆白菜,1001690,原料甘蓝圆白菜（松散）,斤,,甘蓝圆白菜（紧实）,,,,10斤/袋,,10,,,按袋,,
蔬菜,叶菜类,油麦菜,1001693,原料油麦菜（干）,斤,,油麦菜（水洗）,,,,10斤/袋,,10,,,按袋,,
蔬菜,叶菜类,菠菜,1001692,原料菠菜（干）,斤,,菠菜（水洗）,,,,10斤/袋,,10,,,按袋,,
蔬菜,叶菜类,生菜,1001808,原料散生菜,斤,,散生菜（水洗）,,,,10斤/袋,,10,,,按袋,,
蔬菜,叶菜类,茼蒿,1001809,原料茼蒿,斤,,茼蒿,,,,10斤/袋,,10,,,按袋,,
蔬菜,叶菜类,娃娃菜,1001811,原料娃娃菜（散装）,斤,,娃娃菜（散装）,,,,10斤/袋,,10,,,按袋,,
蔬菜,叶菜类,韭黄,1001812,原料韭黄,斤,,韭黄,,,,10斤/袋,,10,,,按袋,,
蔬菜,叶菜类,紫甘蓝,1001813,原料紫甘蓝,斤,,紫甘蓝,,,,10斤/袋,,10,,,按袋,,
蔬菜,叶菜类,小白菜,1001814,原料小白菜（水洗）,斤,,小白菜（水洗）,,,,10斤/袋,,10,,,按袋,,
蔬菜,叶菜类,小白菜,1001814,原料小白菜（水洗）,斤,,小白菜(干）,,,,10斤/袋,,10,,,按袋,,
蔬菜,叶菜类,菊花菜,1001816,原料菊花菜,斤,,菊花菜,,,,10斤/袋,,10,,,按袋,,
蔬菜,叶菜类,奶白菜,1001817,原料奶白菜,斤,,促销奶白菜,,,,10斤/袋,,10,,,按袋,,
蔬菜,叶菜类,快菜,1001819,原料快菜,斤,,快菜,,,,10斤/袋,,10,,,按袋,,
蔬菜,叶菜类,香芹,1001820,原料香芹（水洗）,斤,,香芹（水洗）,,,,10斤/袋,,10,,,按袋,,
蔬菜,叶菜类,有机菜花,1001821,原料有机菜花,斤,,优质有机菜花,,,,10斤/袋,,10,,,按袋,,
蔬菜,叶菜类,青蒜,1001822,原料青蒜,斤,,青蒜,,,,10斤/袋,,10,,,按袋,,
蔬菜,叶菜类,菜心,1001823,原料菜心,斤,,菜心,,,,10斤/袋,,10,,,按袋,,
蔬菜,叶菜类,菜心,1001823,原料菜心,斤,,广东菜心,,,,10斤/袋,,10,,,按袋,,
蔬菜,叶菜类,芥蓝,1001825,原料芥蓝（广东、小棵）,斤,,广东芥蓝,,小棵,,10斤/袋,,10,,,按袋,,
蔬菜,叶菜类,芥蓝,1001825,原料芥蓝（广东、小棵）,斤,,广东芥蓝,,大棵,,10斤/袋,,10,,,按袋,,
蔬菜,叶菜类,苦菊,1001827,原料苦菊（水洗）,斤,,苦菊（水洗）,,,,10斤/袋,,10,,,按袋,,
蔬菜,叶菜类,蒿子秆,1001828,原料蒿子秆（水洗）,斤,,蒿子秆（水洗）,,,,10斤/袋,,10,,,按袋,,
蔬菜,叶菜类,茴香,1001829,原料茴香,斤,,茴香,,,,10斤/袋,,10,,,按袋,,
蔬菜,叶菜类,穿心莲,1001831,原料穿心莲,斤,,穿心莲,,,,10斤/袋,,10,,,按袋,,
蔬菜,叶菜类,空心菜,1001832,原料空心菜（水洗）,斤,,空心菜（水洗）,,,,10斤/袋,,10,,,按袋,,
蔬菜,叶菜类,香椿苗,1001834,原料香椿苗,斤,,香椿苗,,,,10斤/袋,,10,,,按袋,,
蔬菜,叶菜类,鸡毛菜,1001835,原料鸡毛菜,斤,,鸡毛菜,,,,10斤/袋,,10,,,按袋,,
蔬菜,叶菜类,木耳菜,1001837,原料木耳菜,斤,,木耳菜,,,,10斤/袋,,10,,,按袋,,
蔬菜,叶菜类,红苋菜,1001840,原料红苋菜,斤,,红苋菜,,,,10斤/袋,,10,,,按袋,,
蔬菜,特菜,芋头,1001889,原料毛芋头,斤,,毛芋头,,,,10斤/袋,,10,,,按袋,,
蔬菜,特菜,芋头,1001889,原料毛芋头,斤,,大芋头,,,,10斤/袋,,10,,,按袋,,
蔬菜,特菜,紫苏,1001897,原料紫苏,斤,,紫苏,,,,3斤/袋,,3,,,按袋,,
蔬菜,特菜,丝瓜尖,1001899,原料丝瓜尖,斤,,丝瓜尖,,,,3斤/袋,,3,,,按袋,,
蔬菜,特菜,鱼腥草根,1001903,原料鱼腥草根,斤,,鱼腥草根,,,,3斤/袋,,3,,,按袋,,
蔬菜,特菜,荸荠,1001906,原料荸荠（剥皮）,斤,,荸荠（剥皮）,,,,3斤/袋,,3,,,按袋,,
蔬菜,特菜,薄荷叶,1001908,原料薄荷叶,斤,,薄荷叶,,,,3斤/袋,,3,,,按袋,,
蔬菜,特菜,紫叶生菜,1001909,原料紫叶生菜,斤,,紫叶生菜,,,,3斤/袋,,3,,,按袋,,
蔬菜,特菜,法香,1001912,原料法香,斤,,法香,,,,3斤/袋,,3,,,按袋,,
蔬菜,特菜,牛蒡,1001914,原料牛蒡,斤,,牛蒡,,,,3斤/袋,,3,,,按袋,,
蔬菜,特菜,苤蓝,1001917,原料苤蓝,斤,,苤蓝,,,,3斤/袋,,3,,,按袋,,
蔬菜,特菜,小干葱,1001919,原料小干葱,斤,,小干葱,,,,3斤/袋,,3,,,按袋,,
蔬菜,特菜,黑豆苗,1001920,原料黑豆苗,斤,,黑豆苗,,,,3斤/袋,,3,,,按袋,,
蔬菜,特菜,黄瓜花,1001921,原料黄瓜花,斤,,黄瓜花,,,,3斤/袋,,3,,,按袋,,
蔬菜,特菜,四棱豆,1001922,原料四棱豆,斤,,四棱豆,,,,3斤/袋,,3,,,按袋,,
蔬菜,特菜,玉兰菜,1001924,原料玉兰菜,斤,,玉兰菜,,,,3斤/袋,,3,,,按袋,,
蔬菜,特菜,太空椒,1001927,原料太空椒,斤,,太空椒,,,,3斤/袋,,3,,,按袋,,
蔬菜,特菜,落地球生菜,1001929,原料落地球生菜,斤,,落地球生菜,,,,3斤/袋,,3,,,按袋,,
蔬菜,特菜,大苏子叶,1001933,原料大苏子叶,斤,,大苏子叶,,,,3斤/袋,,3,,,按袋,,
蔬菜,特菜,红菜头,1001934,原料红菜头,斤,,红菜头,,,,3斤/袋,,3,,,按袋,,
蔬菜,特菜,小金瓜,1001935,原料小金瓜,斤,,小金瓜,,,,10斤/袋,,10,,,按袋,,
蔬菜,特菜,南姜,1001936,原料南姜,斤,,南姜,,,,3斤/袋,,3,,,按袋,,
蔬菜,特菜,香茅,1001938,原料香茅,斤,,香茅,,,,3斤/袋,,3,,,按袋,,
蔬菜,特菜,香兰叶,1001941,原料香兰叶,斤,,香兰叶,,,,3斤/袋,,3,,,按袋,,
蔬菜,特菜,罗马花椰菜（塔花）,1001942,原料罗马花椰菜（塔花）,斤,,罗马花椰菜（塔花）,,,,3斤/袋,,3,,,按袋,,
蔬菜,特菜,番杏,1001944,原料番杏,斤,,番杏,,,,3斤/袋,,3,,,按袋,,
蔬菜,特菜,罗马直立生菜,1001946,原料罗马直立生菜,斤,,罗马直立生菜,,,,3斤/袋,,3,,,按袋,,
蔬菜,特菜,甜豆,1001948,原料甜豆,斤,,甜豆,,,,3斤/袋,,3,,,按袋,,
蔬菜,特菜,节瓜,1001951,原料青节瓜,斤,,青节瓜,,,,3斤/袋,,3,,,按袋,,
蔬菜,特菜,节瓜,1001956,原料黄节瓜,斤,,黄节瓜,,,,3斤/袋,,3,,,按袋,,
蔬菜,特菜,芝麻菜,1001958,原料芝麻菜,斤,,芝麻菜,,,,3斤/袋,,3,,,按袋,,
蔬菜,特菜,西芹,1001961,原料西芹,斤,,西芹,,,,3斤/袋,,3,,,按袋,,
蔬菜,茄果类,圣女果,1001964,原料圣女果,斤,,圣女果,,,,10斤/袋,,10,,,按袋,,
蔬菜,根茎类,土豆,1001033,原料黄心土豆（新）,斤,,黄心土豆（新、小）,,0.1-0.3斤/个,,10斤/袋,,10,,,按袋,,
蔬菜,根茎类,土豆,1001033,原料黄心土豆（新）,斤,,白心土豆（新、小）,,0.1-0.3斤/个,,10斤/袋,,10,,,按袋,,
蔬菜,豆类,蚕豆,1001971,原料蚕豆（去皮）,斤,,蚕豆（去皮）,,,,10斤/袋,,10,,,按袋,,
蔬菜,豆类,蚕豆,1001971,原料蚕豆（去皮）,斤,,蚕豆,,,,10斤/袋,,10,,,按袋,,
蔬菜,菌类,白灵菇,1001978,原料白灵菇,斤,,白灵菇,,,,3斤/袋,,3,,,按袋,,
蔬菜,葱姜蒜,香葱,1001981,原料香葱,斤,,香葱,,,,10斤/袋,,10,,,按袋,,
蔬菜,葱姜蒜,大葱,1001056,原料大葱,斤,,大葱（新）,,,,10斤/袋,,10,,,按袋,,
蔬菜,叶菜类,盖菜,1002894,原料盖菜（水洗）,斤,,盖菜（水洗）,,,,10斤/袋,,10,,,按袋,,
蔬菜,茄果类,瓠瓜,1002981,原料瓠瓜,斤,,瓠瓜,,,,10斤/袋,,10,,,按袋,,
蔬菜,特菜,黄秋葵,1003072,原料黄秋葵,斤,,黄秋葵,,,,3斤/袋,,3,,,按袋,,
,,,1000933,,袋,,,,,,,,,,,,,
,,,1000940,,袋,,,,,,,,,,,,,
,,,1000943,,袋,,,,,,,,,,,,,
,,,1000956,,袋,,,,,,,,,,,,,
,,,1000958,,袋,,,,,,,,,,,,,
,,,1000960,,袋,,,,,,,,,,,,,
,,,1000962,,袋,,,,,,,,,,,,,
,,,1001722,,袋,,,,,,,,,,,,,
,,,1001729,,袋,,,,,,,,,,,,,
,,,1001731,,袋,,,,,,,,,,,,,
,,,1001733,,袋,,,,,,,,,,,,,
,,,1001735,,袋,,,,,,,,,,,,,
,,,1001737,,袋,,,,,,,,,,,,,
,,,1001738,,袋,,,,,,,,,,,,,
,,,1001740,,袋,,,,,,,,,,,,,
,,,1001742,,袋,,,,,,,,,,,,,
,,,1001744,,袋,,,,,,,,,,,,,
,,,1001746,,袋,,,,,,,,,,,,,
,,,1001748,,袋,,,,,,,,,,,,,
,,,1001750,,袋,,,,,,,,,,,,,
,,,1001752,,袋,,,,,,,,,,,,,
,,,1001754,,袋,,,,,,,,,,,,,
,,,1001756,,袋,,,,,,,,,,,,,
,,,1000945,,袋,,,,,,,,,,,,,
,,,1000947,,袋,,,,,,,,,,,,,
,,,1000950,,袋,,,,,,,,,,,,,
,,,1000951,,袋,,,,,,,,,,,,,
,,,1000952,,袋,,,,,,,,,,,,,
,,,1000954,,袋,,,,,,,,,,,,,
,,,1000927,,袋,,,,,,,,,,,,,
,,,1000936,,袋,,,,,,,,,,,,,
,,,1000934,,袋,,,,,,,,,,,,,
,,,1001757,,袋,,,,,,,,,,,,,
,,,1000967,,袋,,,,,,,,,,,,,
,,,1000975,,袋,,,,,,,,,,,,,
,,,1000978,,袋,,,,,,,,,,,,,
,,,1000982,,袋,,,,,,,,,,,,,
,,,1000987,,袋,,,,,,,,,,,,,
,,,1000993,,袋,,,,,,,,,,,,,
,,,1000937,,袋,,,,,,,,,,,,,
,,,1000942,,袋,,,,,,,,,,,,,
,,,1001224,,袋,,,,,,,,,,,,,
,,,1001226,,袋,,,,,,,,,,,,,
,,,1001228,,袋,,,,,,,,,,,,,
,,,1001230,,袋,,,,,,,,,,,,,
,,,1001232,,袋,,,,,,,,,,,,,
,,,1001234,,袋,,,,,,,,,,,,,
,,,1001236,,袋,,,,,,,,,,,,,
,,,1001238,,袋,,,,,,,,,,,,,
,,,1001242,,袋,,,,,,,,,,,,,
,,,1001244,,袋,,,,,,,,,,,,,
,,,1001246,,袋,,,,,,,,,,,,,
,,,1001248,,袋,,,,,,,,,,,,,
,,,1001250,,袋,,,,,,,,,,,,,
,,,1001252,,袋,,,,,,,,,,,,,
,,,1001254,,袋,,,,,,,,,,,,,
,,,1001256,,袋,,,,,,,,,,,,,
,,,1001260,,袋,,,,,,,,,,,,,
,,,1001719,,袋,,,,,,,,,,,,,
,,,1001455,,袋,,,,,,,,,,,,,
,,,1001472,,袋,,,,,,,,,,,,,
,,,1001474,,袋,,,,,,,,,,,,,
,,,1001476,,袋,,,,,,,,,,,,,
,,,1001478,,袋,,,,,,,,,,,,,
,,,1001480,,袋,,,,,,,,,,,,,
,,,1001482,,袋,,,,,,,,,,,,,
,,,1001485,,袋,,,,,,,,,,,,,
,,,1001486,,袋,,,,,,,,,,,,,
,,,1001488,,袋,,,,,,,,,,,,,
,,,1001490,,袋,,,,,,,,,,,,,
,,,1001492,,袋,,,,,,,,,,,,,
,,,1001496,,袋,,,,,,,,,,,,,
,,,1001499,,袋,,,,,,,,,,,,,
,,,1001501,,袋,,,,,,,,,,,,,
,,,1001503,,袋,,,,,,,,,,,,,
,,,1001505,,袋,,,,,,,,,,,,,
,,,1001507,,袋,,,,,,,,,,,,,
,,,1001760,,袋,,,,,,,,,,,,,
,,,1001762,,袋,,,,,,,,,,,,,
,,,1001766,,袋,,,,,,,,,,,,,
,,,1001768,,袋,,,,,,,,,,,,,
,,,1001770,,袋,,,,,,,,,,,,,
,,,1001772,,袋,,,,,,,,,,,,,
,,,1001774,,袋,,,,,,,,,,,,,
,,,1001775,,袋,,,,,,,,,,,,,
,,,1001778,,袋,,,,,,,,,,,,,
,,,1001780,,袋,,,,,,,,,,,,,
,,,1001845,,袋,,,,,,,,,,,,,
,,,1001847,,袋,,,,,,,,,,,,,
,,,1001849,,袋,,,,,,,,,,,,,
,,,1001851,,袋,,,,,,,,,,,,,
,,,1001854,,袋,,,,,,,,,,,,,
,,,1001858,,袋,,,,,,,,,,,,,
,,,1001860,,袋,,,,,,,,,,,,,
,,,1001862,,袋,,,,,,,,,,,,,
,,,1001864,,袋,,,,,,,,,,,,,
,,,1001866,,袋,,,,,,,,,,,,,
,,,1001868,,袋,,,,,,,,,,,,,
,,,1001871,,袋,,,,,,,,,,,,,
,,,1001875,,袋,,,,,,,,,,,,,
,,,1001877,,袋,,,,,,,,,,,,,
,,,1001879,,袋,,,,,,,,,,,,,
,,,1001881,,袋,,,,,,,,,,,,,
,,,1001883,,袋,,,,,,,,,,,,,
,,,1001885,,袋,,,,,,,,,,,,,
,,,1001887,,袋,,,,,,,,,,,,,
,,,1001890,,袋,,,,,,,,,,,,,
,,,1001892,,袋,,,,,,,,,,,,,
,,,1001894,,袋,,,,,,,,,,,,,
,,,1001898,,袋,,,,,,,,,,,,,
,,,1001901,,袋,,,,,,,,,,,,,
,,,1001904,,袋,,,,,,,,,,,,,
,,,1001907,,袋,,,,,,,,,,,,,
,,,1001911,,袋,,,,,,,,,,,,,
,,,1001915,,袋,,,,,,,,,,,,,
,,,1001918,,袋,,,,,,,,,,,,,
,,,1001926,,袋,,,,,,,,,,,,,
,,,1001930,,袋,,,,,,,,,,,,,
,,,1001923,,袋,,,,,,,,,,,,,
,,,1001932,,袋,,,,,,,,,,,,,
,,,1001939,,袋,,,,,,,,,,,,,
,,,1001943,,袋,,,,,,,,,,,,,
,,,1001830,,袋,,,,,,,,,,,,,
,,,1001836,,袋,,,,,,,,,,,,,
,,,1001839,,袋,,,,,,,,,,,,,
,,,1001947,,袋,,,,,,,,,,,,,
,,,1001950,,袋,,,,,,,,,,,,,
,,,1001953,,袋,,,,,,,,,,,,,
,,,1001955,,袋,,,,,,,,,,,,,
,,,1001959,,袋,,,,,,,,,,,,,
,,,1001962,,袋,,,,,,,,,,,,,
,,,1001965,,袋,,,,,,,,,,,,,
,,,1001969,,袋,,,,,,,,,,,,,
,,,1001972,,袋,,,,,,,,,,,,,
,,,1001975,,袋,,,,,,,,,,,,,
,,,1001977,,袋,,,,,,,,,,,,,
,,,1001982,,袋,,,,,,,,,,,,,
,,,1001983,,袋,,,,,,,,,,,,,
,,,1001985,,袋,,,,,,,,,,,,,
,,,1001987,,袋,,,,,,,,,,,,,
,,,1001989,,袋,,,,,,,,,,,,,
,,,1001991,,袋,,,,,,,,,,,,,
,,,1001993,,袋,,,,,,,,,,,,,
,,,1001995,,袋,,,,,,,,,,,,,
,,,1001997,,袋,,,,,,,,,,,,,
,,,1001999,,袋,,,,,,,,,,,,,
,,,1002001,,袋,,,,,,,,,,,,,
,,,1002003,,袋,,,,,,,,,,,,,
,,,1002008,,袋,,,,,,,,,,,,,
,,,1002010,,袋,,,,,,,,,,,,,
,,,1002012,,袋,,,,,,,,,,,,,
,,,1002014,,袋,,,,,,,,,,,,,
,,,1002016,,袋,,,,,,,,,,,,,
,,,1002017,,袋,,,,,,,,,,,,,
,,,1002020,,袋,,,,,,,,,,,,,
,,,1002088,,袋,,,,,,,,,,,,,
,,,1002892,,袋,,,,,,,,,,,,,
,,,1002981,,袋,,,,,,,,,,,,,
,,,1003071,,袋,,,,,,,,,,,,,
,,,1000762,,箱,,,,,,,,,,,,,
,,,1000358,,箱,,,,,,,,,,,,,
,,,1000485,,箱,,,,,,,,,,,,,
,,,1002110,,箱,,,,,,,,,,,,,
,,,1000455,,箱,,,,,,,,,,,,,
,,,1000484,,箱,,,,,,,,,,,,,
,,,1000365,,箱,,,,,,,,,,,,,
,,,1000444,,袋,,,,,,,,,,,,,
,,,1000404,,箱,,,,,,,,,,,,,
,,,1001264,,箱,,,,,,,,,,,,,
,,,1000447,,盒,,,,,,,,,,,,,
,,,1000124,,箱,,,,,,,,,,,,,
,,,1002909,,箱,,,,,,,,,,,,,
,,,1003053,,筐,,,,,,,,,,,,,
,,,1003164,,筐,,,,,,,,,,,,,
,,,1000489,,箱,,,,,,,,,,,,,
,,,1000430,,箱,,,,,,,,,,,,,
,,,1000431,,箱,,,,,,,,,,,,,
,,,1000351,,箱,,,,,,,,,,,,,
,,,1000451,,箱,,,,,,,,,,,,,
,,,1000454,,箱,,,,,,,,,,,,,
,,,1000865,,箱,,,,,,,,,,,,,
,,,1000064,,箱,,,,,,,,,,,,,
,,,1000067,,箱,,,,,,,,,,,,,
,,,1000437,,箱,,,,,,,,,,,,,
,,,1000439,,箱,,,,,,,,,,,,,
,,,1001109,,箱,,,,,,,,,,,,,
,,,1001110,,箱,,,,,,,,,,,,,
,,,1001111,,盒,,,,,,,,,,,,,
,,,1001112,,盒,,,,,,,,,,,,,
,,,1001108,,箱,,,,,,,,,,,,,
,,,1001114,,箱,,,,,,,,,,,,,
,,,1000443,,箱,,,,,,,,,,,,,
,,,1001115,,箱,,,,,,,,,,,,,
,,,1000438,,箱,,,,,,,,,,,,,
,,,1000440,,箱,,,,,,,,,,,,,
,,,1000441,,箱,,,,,,,,,,,,,
,,,1000442,,箱,,,,,,,,,,,,,
,,,1001124,,箱,,,,,,,,,,,,,
,,,1001125,,箱,,,,,,,,,,,,,
,,,1001128,,箱,,,,,,,,,,,,,
,,,1001129,,箱,,,,,,,,,,,,,
,,,1000878,,箱,,,,,,,,,,,,,
,,,1000619,,箱,,,,,,,,,,,,,
,,,1000744,,箱,,,,,,,,,,,,,
,,,1000745,,箱,,,,,,,,,,,,,
,,,1000746,,箱,,,,,,,,,,,,,
,,,1000747,,箱,,,,,,,,,,,,,
,,,1000408,,箱,,,,,,,,,,,,,
,,,1000873,,箱,,,,,,,,,,,,,
,,,1000874,,箱,,,,,,,,,,,,,
,,,1002111,,筐,,,,,,,,,,,,,
,,,1000875,,筐,,,,,,,,,,,,,
,,,1002538,,筐,,,,,,,,,,,,,
,,,1000877,,箱,,,,,,,,,,,,,
,,,1001563,,箱,,,,,,,,,,,,,
,,,1000616,,箱,,,,,,,,,,,,,
,,,1002035,,箱,,,,,,,,,,,,,
,,,1000618 ,,筐,,,,,,,,,,,,,
,,,1000452,,筐,,,,,,,,,,,,,
,,,1000491,,箱,,,,,,,,,,,,,
,,,1000492,,筐,,,,,,,,,,,,,
,,,1000864,,箱,,,,,,,,,,,,,
,,,1001101,,箱,,,,,,,,,,,,,
,,,1000881,,筐,,,,,,,,,,,,,
,,,1000884,,筐,,,,,,,,,,,,,
,,,1000507,,盒,,,,,,,,,,,,,
,,,1000615,,箱,,,,,,,,,,,,,
,,,1000622,,箱,,,,,,,,,,,,,
,,,1002244,,筐,,,,,,,,,,,,,
,,,1002532,,箱,,,,,,,,,,,,,
,,,1003013 ,,筐,,,,,,,,,,,,,
,,,1003014 ,,筐,,,,,,,,,,,,,
,,,1003018,,筐,,,,,,,,,,,,,
,,,1003019,,筐,,,,,,,,,,,,,
,,,1003188,,筐,,,,,,,,,,,,,
,,,1001130,,箱,,,,,,,,,,,,,
,,,1001581,,箱,,,,,,,,,,,,,
,,,1002090,,筐,,,,,,,,,,,,,
,,,1003007,,箱,,,,,,,,,,,,,
,,,1003008,,箱,,,,,,,,,,,,,
,,,1003063,,筐,,,,,,,,,,,,,
,,,1003064,,筐,,,,,,,,,,,,,
,,,1003065,,筐,,,,,,,,,,,,,
,,,1003066,,筐,,,,,,,,,,,,,
,,,1003144,,筐,,,,,,,,,,,,,
,,,1003145,,筐,,,,,,,,,,,,,
,,,1001843,,箱,,,,,,,,,,,,,
,,,1001262,,箱,,,,,,,,,,,,,
,,,1001263,,箱,,,,,,,,,,,,,
,,,1000738,,箱,,,,,,,,,,,,,
,,,1000410,,箱,,,,,,,,,,,,,
,,,1000741,,箱,,,,,,,,,,,,,
,,,1000879,,箱,,,,,,,,,,,,,
,,,1000880,,箱,,,,,,,,,,,,,
,,,1001212,,箱,,,,,,,,,,,,,
,,,1001210,,箱,,,,,,,,,,,,,
,,,1000379,,箱,,,,,,,,,,,,,
,,,1000349,,箱,,,,,,,,,,,,,
,,,1000487,,箱,,,,,,,,,,,,,
,,,1000862,,箱,,,,,,,,,,,,,
,,,1002524,,箱,,,,,,,,,,,,,
,,,1002525,,箱,,,,,,,,,,,,,
,,,1002526,,箱,,,,,,,,,,,,,
,,,1002528,,箱,,,,,,,,,,,,,
,,,1002529,,箱,,,,,,,,,,,,,
,,,1002530,,箱,,,,,,,,,,,,,
,,,1002533,,箱,,,,,,,,,,,,,
,,,1002534,,箱,,,,,,,,,,,,,
,,,1003067,,箱,,,,,,,,,,,,,
,,,1000739,,箱,,,,,,,,,,,,,
,,,1000742,,箱,,,,,,,,,,,,,
,,,1000508,,包,,,,,,,,,,,,,
,,,1002531,,箱,,,,,,,,,,,,,
,,,1003051,,箱,,,,,,,,,,,,,
,,,1003052,,箱,,,,,,,,,,,,,
,,,1002910,,箱,,,,,,,,,,,,,
,,,1002911,,箱,,,,,,,,,,,,,